question,class
ใครเป็นผู้ออกตราสารหนี้ภาคเอกชน ไร้ใบตราสาร,1
Penny Stock หุ้นเหรียญ มีลักษณะอย่างไร,1
ราคาต้นงวดคืออะไร,1
อัตราการใช้สิทธิของ NVDR คือเท่าไหร่,1
หนังสือชี้ชวนส่วนสรุปข้อมูลสำคัญ (Fund Fact Sheet) คืออะไร,1
ข้อสัญญา (Covenants) คืออะไร,1
XT คืออะไร,1
Equity-Linked Product  คืออะไร,1
หลักเกณฑ์การขึ้นเครื่องหมาย  SP มีอะไรบ้าง,1
รายละเอียด เสนอขายกองทุนครั้งแรก (Initial Public Offering: IPO) มีอะไรบ้าง,1
ลักษณะสำคัญของกองทุนรวมสินค้าโภคภัณฑ์ในไทย มีอะไรบ้าง,1
ผู้ออกตั๋วเงินคลัง คือผู้ใด,1
รูปแบบของกระแสเงินสด มีกี่รูปแบบ,1
ประโยชน์ของกองทุนรวมต่อด้านตลาดการเงิน คืออะไร,1
สำนักหักบัญชี ทำหน้าที่อะไร,1
หนังสือชี้ชวนส่วนข้อมูลโครงการ คืออะไร,1
Feeder Fund คืออะไร,1
อายุของตราสาร ของ Warrant (ไทย) คือเท่าไหร่,1
SETSMART on Internet มีอะไรบ้าง,1
หลักการสำคัญในการคำนวณราคาเปิดและราคาปิด คืออะไร,1
สมมติฐานการนำดอกเบี้ยรับไปลงทุนต่อ คืออะไร,1
SETSMART on Extranet มีอะไรบ้าง,1
บริหารแบบเชิงรุกมีความเชื่ออย่างไร,1
LTF มีนโยบายการลงทุน อย่างไร,1
การซื้อแล้วถือยาว (Buy and Hold Strategy) มีวิธีการอย่างไร,1
ความเสี่ยงจากการลงทุนต่อ (Reinvestment risk) มีกี่ระดับ,1
บริหารแบบเชิงรุก มีวิธีการลงทุนอย่างไร,1
ตราสารหนี้แบ่งตามสิทธิแฝง มีอะไรบ้าง,1
Mid-cap Stock (หุ้นกลาง) คืออะไร,1
กองทุนรวมตราสารทุน (Equity Fund) คืออะไร,1
16.30 – 16.40 น. มีรายละเอียดอย่างไร,1
ผู้ที่ออกตั๋วแลกเงินและ หุ้นกู้ คือผู้ใด,1
Floor คืออะไร,1
CB คืออะไร,1
กลยุทธ์การจัดสรรสินทรัพย์ลงทุน (Asset Allocation) คืออะไร,1
กองทุนที่ได้สิทธิประโยชน์ทางภาษีในปัจจุบันมีกองทุนอะไรบ้าง,1
NP คืออะไร,1
ประโยชน์ของกองทุนรวมต่อด้านระบบเศรษฐกิจ คืออะไร,1
วิธีคิดลดกระแสเงินสดอิสระของกิจการ (Discounted Free Cash Flow to Firm) คืออะไร,1
เพราะเหตุใดผู้ลงทุนจึงไม่ควรซื้อ LTF และ RMF เกินสิทธิที่ได้รับการลดหย่อนภาษี,1
ตราสารหนี้ระยะยาว คืออะไร,1
กองทุนรวมที่มีความเสี่ยงต่างประเทศ คืออะไร,1
ความเสี่ยงของกองทุนอสังหาฯ มีอะไรบ้าง,1
Warrant ความหมายในไทยคืออะไร,1
การพยายามขายให้ดีที่สุด คืออะไร,1
ผู้เกี่ยวข้องกับตราสารหนี้ไทย มีกี่กลุ่ม,1
สิทธิ์ของผู้ถือหุ้นสามัญ มีอะไรบ้าง,1
หุ้นกู้แปลงสภาพ (Convertible Bond) คืออะไร,1
หน้าที่ของผู้รับฝากทรัพย์สิน คืออะไร,1
อายุของตราสาร ของ DW คือเท่าไหร่,1
ความเสี่ยงที่จะกระทบต่อความต้องการลงทุนในตราสารทุนมีอะไรบ้าง,1
บริหารแบบเชิงรับมีความเชื่ออย่างไร,1
อัตราส่วนที่ใช้วิเคราะห์ Warrant (ไทย) มีอะไรบ้าง,1
ลักษณะของสิทธิแฝง (Embedded Option) คืออะไร,1
ระดับความเสี่ยงของกองทุนรวมตามประเภทสินทรัพย์ มีอะไรบ้าง,1
XE คืออะไร,1
กองทุนรวมดัชนีกองทุนรวมดัชนี (Index Fund) คืออะไร,1
ที่มาและวัตถุประสงค์ของ RMF คืออะไร,1
เพราะเหตุใดผู้ลงทุนจึงควรทำ Portfolio Rebalancing,1
ในตลาด TBX ปรับช่วงราคาอย่างไร,1
XM คือออะไร,1
ตราสารหนี้แบ่งตามวิธีคืนเงินต้น มีอะไรบ้าง,1
กระทรวงพาณิชย์ ให้ข้อมูลอะไรบ้าง,1
XW คืออะไร,1
สูตรการคำนวณ NAV คืออะไร,1
ILB คืออะไร,1
การซื้อหุ้นด้วยจำนวนเงินเท่าๆ กันตามกำหนดเวลาโดยไม่สนใจว่าราคาจะเป็นเท่าไร เป็นกลยุทธ์การลงทุนแบบใด,1
ตราสารหนี้ที่จ่ายดอกเบี้ยคงที่ คืออะไร,1
Mega-cap Stock คืออะไร,1
ตราสารหนี้แบ่งตามอายุของตราสาร มีอะไรบ้าง,1
การลงทุนที่ลงทุนในหุ้นที่มีราคาต่ำกว่ามูลค่าที่แท้จริง เป็นกลยุทธ์การลงทุนแบบใด,1
ราคาต้นทุน คืออะไร,1
LTF มีการจ่ายปันผลอย่างไร,1
Cash Flow Based Approach (Income Based Approach) คืออะไร,1
ประโยชน์ของ NVDR คืออะไร,1
ที่มาและวัตถุประสงค์ ของ LTF คืออะไร,1
Defensive Stock หุ้นตั้งรับ มีลักษณะอย่างไร,1
ประเมินมูลค่าหุ้น คืออะไร,1
ผู้ลงทุนสถาบัน ตามประกาศของ ก.ล.ต. มีอะไรบ้าง,1
อัตราผลตอบแทนถึงวันไถ่ถอนก่อนกำหนดจากผู้ออก คืออะไร,1
สูตรการคำนวณ NAV per unit คืออะไร,1
บริหารแบบเชิงรุกมีเป้าหมายการลงทุนคืออะไร,1
หน้าที่ของกระทรวงการคลัง คืออะไร,1
บริหารแบบเชิงรับ มีวิธีการลงทุนอย่างไร,1
สมาคมตราสารหนี้ไทย มีหน้าที่อะไร,1
Liquidation Value (มูลค่าที่ขายทอดตลาดได้) คืออะไร,1
แหล่งที่มาของเงินทุนในการทำธุรกิจโดยทั่วไปมาจากแหล่งใด,1
การประเมินมูลค่า มีกี่ขั้นตอน,1
อัตราคิดลดคืออะไร,1
การลงทุนแบบสวนตลาด (Contrarian Investing Strategy) มีวิธีการลงทุนอย่างไร,1
สาเหตุของการระดมทุนด้วยตราสารหนี้ของภาครัฐและรัฐวิสาหกิจ คืออะไร,1
XB คืออะไร,1
ราคาหุ้นสามัญลดลงรุนแรงเนื่องจากบริษัทมีความเสี่ยงที่จะล้มละลาย ส่งผลอย่างไรกับหุ้นกู้แปลงสภาพ,1
RMF มีการจ่ายปันผลอย่างไร,1
วิธีคิดลดเงินปันผล (Dividend Discount Model :DDM) คืออะไร,1
การกำหนดสัดส่วนสินทรัพย์เชิงกลยุทธ์ (Strategic Asset Allocation: SAA) คืออะไร,1
กองทุนรวมที่มีความเสี่ยงทั้งในและต่างประเทศ คืออะไร,1
XR คืออะไร,1
หน้าที่ของสถาบันจัดอันดับความน่าเชื่อถือ คืออะไร,1
ผลตอบแทนของกองทุนรวมมีอะไรบ้าง,1
XN คืออะไร,1
ลักษณะสำคัญของกองทุนเปิด คืออะไร,1
Market timing (การจับจังหวะลงทุน) คืออะไร,1
16.40 – 17.00 น. มีรายละเอียดอย่างไร,1
BOT คืออะไร,1
กระทรวงการคลัง ให้ข้อมูลอะไรบ้าง,1
ธนาคารแห่งประเทศไทย ให้ข้อมูลอะไรบ้าง,1
สิทธิประโยชน์ทางภาษีของผู้ถือ NVDR ที่ผู้ลงทุนเป็นบุคคลธรรมดา คืออะไร,1
ที่ปรึกษาทางการเงิน ทำหน้าที่อะไร,1
วิธีคิดลดกระแสเงินสดอิสระของผู้ถือหุ้น (Discounted Free Cash Flow to Equity) คืออะไร,1
หน้าที่ของนายทะเบียน คืออะไร,1
วัตถุประสงค์การออก Warrant (ไทย) คืออะไร,1
Combined Method (ผสม) คืออะไร,1
สิทธิทางภาษีของ RMF คืออะไร,1
กองทุนรวมที่กำหนดระยะเวลาลงทุน (Term Fund) คืออะไร,1
Warrant (ไทย) ต้องมีผู้ดูแลสภาพคล่องหรือไม่,1
กลยุทธ์ที่เลือกกองทุนแบบ Passive เป็นส่วนใหญ่ และ ส่วนที่เหลือจะเลือกกองทุนแบบ Active คือกลยุทธ์อะไร,1
ขั้นตอนการคำนวณการประเมินมูลค่าด้วยวิธีคิดลดเงินปันผล มีกี่ขั้นตอน,1
ตราสารหนี้แบ่งตามผู้ออกตราสาร มีอะไรบ้าง,1
เวลาการซื้อขายในตลาด TBX คือช่วงเวลาใดบ้าง,1
Warrant (ไทย) มีภาษีเมื่อมีการส่งมอบหรือไม่,1
Small-cap Stock คืออะไร,1
ราคาของกองทุน คืออะไร,1
การประเมินมูลค่าตราสารหนี้ที่ไม่จ่ายดอกเบี้ย ทำอย่างไร,1
Speculative Stock หุ้นเก็งกำไร มีลักษณะอย่างไร,1
Income Stock / Dividend Stock หุ้นปันผล มีลักษณะอย่างไร,1
ใครเป็นผู้ออกตราสารหนี้ภาคเอกชน มีใบตราสาร,1
การลงทุนแบบเน้นคุณค่า (Value Investing) มีวิธีการอย่างไร,1
สาเหตุของการระดมทุนด้วยตราสารหนี้ของภาคเอกชน คืออะไร,1
คณะกรรมการกำหนดนโยบายการเงิน (กนง.) มีกี่คน ใครบ้าง,1
ตราสารหนี้แบ่งตามลักษณะการถือ มีอะไรบ้าง,1
สำนักงานบริหารหนี้สาธารณะ ให้ข้อมูลอะไรบ้าง,1
หลักเกณฑ์ในการเปิดบัญชีซื้อขายหลักทรัพย์ ทำอย่างไร,1
ใช้เจ้าหน้าที่วิเคราะห์ข้อมูลการซื้อขายอย่างไร,1
NVRD อ้างอิงกับหลักทรัพย์ประเภทใดได้บ้าง,1
ความเสี่ยงจากอัตราแลกเปลี่ยน (Exchange rate risk / Currency risk) คืออะไร,1
การคำนวณ YTC และ YTM แต่มีจุดต่างกัน กี่จุด,1
Warrant ความหมายโดยสากลคืออะไร,1
เวลาในการซื้อขายหลักทรัพย์ มีรายละเอียดอย่างไร,1
ผลตอบแทนและความเสี่ยงของ NVDR คืออะไร,1
วันครบกำหนดไถ่ถอน (Maturity Date) คืออะไร,1
สิทธิประโยชน์ทางภาษีของผู้ถือ NVDR ที่ผู้ลงทุนเป็นนิติบุคลที่จัดตั้งขึ้นตามกฎหมายต่างประเทศ คืออะไร,1
การจับคู่หุ้น (Pairs Trading) มีวิธีการอย่างไร,1
การหยุดความเสียหาย (Stop Loss) มีวิธีการอย่างไร,1
แบ่งประเภทกองทุนรวมตามนโยบายการจ่ายผลตอบแทน มีอะไรบ้าง,1
ST คืออะไร,1
แบ่งประเภทกองทุนรวมตามนโยบายการลงทุน มีอะไรบ้าง,1
รูปแบบการใช้สิทธิของ DW คืออะไร,1
LB คืออะไร,1
ประเภทของหุ้นบุริมสิทธิ มีอะไรบ้าง,1
กระบวนการตรวจสอบการเปิดบัญชีหลักทรัพย์มีวิธีใดบ้าง,1
Cyclical Stock หุ้นวัฏจักร มีลักษณะอย่างไร,1
หุ้นบุริมสิทธิ (Preferred Stock) คืออะไร,1
หุ้นกู้ต่างประเทศ (Foreign Bond) คืออะไร,1
เงื่อนไขในการลงทุนของ RMF คืออะไร,1
การส่งมอบ Warrant (ไทย) คือวิธีใด,1
Small-cap Stock (หุ้นเล็ก) คืออะไร,1
การประเมินมูลค่า มีขั้นตอนอะไรบ้าง,1
Free hold คืออะไร,1
หากปริมาณการออกตราสารหนี้ในตลาดแรกมีสูง หมายความว่าอย่างไร,1
แบ่งประเภทกองทุนรวมตามความเสี่ยงต่างประเทศ มีอะไรบ้าง,1
การเข้าซื้อ ด้วยจำนวนเงินเท่าๆ กัน ในช่วงเวลาที่กำหนด คือกลยุทธ์อะไร,1
NC คืออะไร,1
Nano-Cap Stock คืออะไร,1
ความสามารถของการใช้ระบบใช้ระบบคอมพิวเตอร์ (WATCHs) คืออะไร,1
Micro-cap Stock คืออะไร,1
ความเสี่ยงเมื่อลงทุนต่างประเทศ คืออะไร,1
ความเสี่ยงที่จะกระทบต่อผลการดำเนินงาน มีอะไรบ้าง,1
14.00 – 14.30 น. มีรายละเอียดอย่างไร,1
สูตรการคำนวณ เงินปันผล คืออะไร,1
กองทุนรวมตราสารหนี้ระยะสั้น (Short-Term Fixed-Income Fund) คืออะไร,1
หุ้นกู้ยูโร (Euro Bond) คืออะไร,1
TRIS Rating ให้ข้อมูลใดบ้าง,1
กลยุทธ์ที่เลือกกองทุนแบบ Passive ทั้งหมด เพื่อสร้างผลตอบแทนใกล้เคียงกับดัชนีที่สุด คือกลยุทธ์อะไร,1
ประเภทของสิทธิของ DW คืออะไร,1
ราคาปลายงวด คืออะไร,1
NVDR ที่อ้างอิงกับหุ้นสามัญ ต้องมีการรายงานการถือครองอะไรบ้าง,1
ที่มาของเงินทุนในการทำธุรกิจมาจากแหล่งใดบ้าง,1
กองทุนรวมสินทรัพย์ทางเลือก (Alternative Investment Fund) คืออะไร,1
ความเสี่ยงทางธุรกิจ (Business Risk) คืออะไร,1
NR คืออะไร,1
ใครคือผู้ออกตราสาร Warrant (ไทย),1
ข้อบังคับของตลาดหลักทรัพย์ที่กำหนดว่าลักษณะของคำสั่งซื้อขายที่ไม่เหมาะสมมีอะไรบ้าง,1
มูลค่าตลาด คืออะไร,1
เครื่องมือการลงทุนที่เข้ามาทดแทนกองทุนรวมอสังหาริมทรัพย์ที่ไม่สามารถจัดตั้ง และเพิ่มทุนได้อีก คืออะไร,1
SP หมายถึงอะไร,1
9.30 – 10.00 น. มีรายละเอียดอย่างไร,1
SP คืออะไร,1
ผู้ลงทุนสามารถตัดสินใจถือ/อยู่เฉยๆเมื่อใด,1
กองทุนรวมที่ไม่มีความเสี่ยงต่างประเทศ คืออะไร,1
ช่องทางการส่งคำสั่งซื้อขาย แบ่งตามประเภทผู้ซื้อ มีอะไรบ้าง,1
กองทุนรวมโครงสร้างพื้นฐาน (Infrastructure Fund) คืออะไร,1
กองทุนเปิดจะต้องเลิกโครงการเมื่อใด,1
อัตราผลตอบแทนจากดอกเบี้ย คืออะไร,1
พันธบัตรชดเชยเงินเฟ้อ (Inflation-Linked bond) คืออะไร,1
DW มีภาษีเมื่อมีการส่งมอบหรือไม่,1
ผู้ลงทุนรายใหญ่ คืออะไร,1
บัญชีมาร์จิ้น (Margin Account) คืออะไร,1
ผู้ลงทุนรายใหญ่ที่เป็นบุคคลธรรมดา ต้องมีรายได้เท่าไหร่,1
ความเสี่ยงต่อระดับความต้องของการลงทุนในตราสารทุนคืออะไร,1
Large-cap Stock (หุ้นใหญ่) คืออะไร,1
อัตราส่วนที่ใช้วิเคราะห์ DW มีอะไรบ้าง,1
ประเภทของตราสารทุน มีอะไรบ้าง,1
ความเสี่ยงจากการลงทุนต่อ (Reinvestment risk) มีอะไรบ้าง,1
ผู้ลงทุนรายใหญ่พิเศษ คืออะไร,1
รูปแบบการใช้สิทธิของ Warrant (ไทย) คืออะไร,1
Premium Bond คืออะไร,1
SET Connect คืออะไร,1
ใครคือผู้ออกพันธบัตรรัฐบาล,1
วิธีการบริหารการลงทุนของกองทุนรวม มีกี่ประเภท,1
กองทุนผสม (Mixed Fund) คืออะไร,1
จุดเด่นของระบบ SET Connect คืออะไร,1
ตราสารหนี้แบ่งตามสิทธิเรียกร้อง มีอะไรบ้าง,1
ความเสี่ยงด้านสภาพคล่อง (Liquidity risk) มีอะไรบ้าง,1
กองทุนรวมคุ้มครองเงินต้น (Capital Protection Fund) คืออะไร,1
ตราสารหนี้ที่ผู้ลงทุนมีสิทธิเรียกคืนเงินกู้ก่อนครบกำหนด (Puttable Bond) คืออะไร,1
ข้อเสียของ Book Value (มูลค่าตามบัญชี) คืออะไร,1
มูลค่าหน้าตั๋ว/มูลค่าที่ตราไว้ (Face Value/Par Value) คืออะไร,1
การรับซื้อหลักทรัพย์ที่เหลือเพื่อขายต่อ คืออะไร,1
Asset Based Approach คืออะไร,1
ความเสี่ยงต่อผลการดำเนินงานของกิจการ คืออะไร,1
สูตรการคำนวณ อัตราผลตอบแทนรวม คืออะไร,1
หนังสือชี้ชวนส่วนสรุปข้อมูลสำคัญ (Fund Fact Sheet) ทำให้ผู้ลงทุนทราบอะไรบ้าง,1
มาตรการการป้องกันไม่ให้เกิดการซื้อขายที่ไม่เป็นธรรม มีอะไรบ้าง,1
สิทธิประโยชน์ของผู้ถือ NVDR มีอะไรบ้าง,1
บทวิเคราะห์เชิงลึกควรมีองค์ประกอบเพิ่มเติมอะไรบ้าง,1
ตลาดหลักทรัพย์แห่งประเทศไทย ให้ข้อมูลอะไรบ้าง,1
สูตรการคำนวณ Capital gain คืออะไร,1
Fund of Funds คืออะไร,1
ประเภทของกองทุนรวม แบ่งตามเกณฑ์มีกี่เกณฑ์,1
ความเสี่ยงจากผู้จัดการกองทุน (Fund manager risk) คืออะไร,1
รายได้หลักของกองทุนรวมโครงสร้างพื้นฐานมาจากที่ใด,1
ธุรกรรมซื้อคืน คืออะไร,1
Large-cap Stock คืออะไร,1
อัตราดอกเบี้ยนโยบาย คืออะไร,1
อัตราผลตอบแทนถึงวันครบกำหนด คืออะไร,1
บทลงโทษตามความผิดของ พรบ. หลักทรัพย์และตลาดหลักทรัพย์ มีอะไรบ้าง,1
ใครเป็นผู้ออกตราสารหนี้ภาครัฐ ไร้ใบตราสาร,1
ตราสารศุกูก (Sukuk) คืออะไร,1
Value Stock หุ้นคุณค่า มีลักษณะอบ่างไร,1
ขายตราสารหนี้ เมื่อใด,1
REITs คืออะไร,1
Cap คืออะไร,1
Blue-Chip Stock หุ้นใหญ่แข็งแกร่ง มีลักษณะอย่างไร,1
ราคาหุ้นสามัญลดลง ส่งผลอย่างไรกับราคาหุ้นกู้แปลงสภาพ,1
ประโยชน์ของกองทุนรวมต่อผู้ลงทุน คืออะไร,1
MLR (Minimum Load Rate) คืออะไร,1
กองทุนรวม ETF (Exchange Trade Fund) คืออะไร,1
การขอเปิดบัญชีหลักทรัพย์ต้องมีข้อมูลเกี่ยวกับลูกค้าอะไรบ้าง,1
กองทุนรวมแบบมีประกัน (Guarantee Fund) คืออะไร,1
ประเภทของธุรกิจในไทย มีกี่ประเภท,1
ความเสี่ยงจากความผันผวนของราคากองทุน (Market risk) คืออะไร,1
SETSMART Enterprise มีอะไรบ้าง,1
หากผู้ลงทุนคาดว่าอัตราเงินเฟ้อในอนาคตจะสูงขึ้น จะส่งผลอย่างไร,1
ผู้ค้าตราสารหนี้สร้างรายได้จากที่ใด,1
หุ้นกู้ระหว่างประเทศ (International Bond) คืออะไร,1
Equity-Linked Product ที่ซื้อขายในตลาดหลักทรัพย์ มีประเภทใดบ้าง,1
เกณฑ์ในการแบ่งประเภทหุ้นสามัญมีอะไรบ้าง,1
สำนักงานคณะกรรมการกำกับหลักทรัพย์และตลาดหลักทรัพย์ (ก.ล.ต.) มีหน้าที่อะไร,1
12.30 – 14.00 น. มีรายละเอียดอย่างไร,1
การประเมินมูลค่าของ DW มีอะไรบ้าง,1
ลักษณะของธุรกรรมซื้อคืน มีอะไรบ้าง,1
กองทุนตราสารหนี้ (General Fixed Income Fund) คืออะไร,1
ลักษณะการซื้อขายที่ไม่เป็นธรรมตามข้อกฎหมายของ พรบ. หลักทรัพย์และตลาดหลักทรัพย์ มีอะไรบ้าง,1
ใครคือผู้ออกตราสาร DW,1
เอกสารแนบ คืออะไร,1
การชำระราคาและส่งมอบหลักทรัพย์แบบทีละรายการ (Gross Clearing) คืออะไร,1
กรณีบริษัทล้มละลาย ลำดับในการได้รับเงินมีอะไรบ้าง,1
การประเมินมูลค่าตราสารหนี้ หมายถึงอะไร,1
ตราสารหนี้ที่ไม่กำหนดอายุไถ่ถอน (Perpetual Bond) คืออะไร,1
การปรับสิทธิเมื่อปันผลของDW เป็นอย่างไร,1
ข้อมูลจากตลาดหลักทรัพย์ มีอะไรบ้าง,1
ลักษณะของห้างหุ้นส่วนสามัญ คืออะไร,1
ลักษณะของบริษัทจำกัด คืออะไร,1
การประเมินมูลค่าตราสารหนี้ทั่วไป ทำอย่างไร,1
ลักษณะสำคัญของกองทุนรวมสินค้าโภคภัณฑ์ มีอะไรบ้าง,1
ทำไมจึงต้องติดตามภาวะการซื้อขาย,1
รูปแบบการจัดจำหน่ายหลักทรัพย์ มีกี่รูปแบบ,1
ตราสารหนี้ที่ไม่จ่ายดอกเบี้ย (Zero Coupon Bond) คืออะไร,1
Limit Price Order คืออะไร,1
การกำกับดูแลการซื้อขายที่ดีส่งผลต่อบริษัทสมาชิก (บล.) อย่างไร,1
Net Asset Value (มูลค่าทรัพย์สินสุทธิ) คืออะไร,1
หลักการกำกับดูแลให้เกิดความเป็นธรรมแก่ผู้ลงทุนและผู้เกี่ยวข้องทุกฝ่าย มีกี่แนวทาง,1
การลงทุนแบบถัวเฉลี่ยต้นทุน (Dollar-Cost Averaging: DCA) มีวิธีการลงทุนอย่างไร,1
ผู้ลงทุนสามารถตัดสินใจซื้อเมื่อใด,1
นายหน้าค้าตราสารหนี้ มีรายได้จากส่วนใด,1
NP หมายถึงอะไร,1
ตราสารหนี้ภาครัฐ คืออะไร,1
บัญชีเงินสดแบบมีหลักประกันเต็มจำนวน (Cash Balance) คืออะไร,1
DW มี Credit Risk หรือไม่,1
การลงทุนในทิศทางที่ตรงข้ามกับคนส่วนใหญ่เป็นกลยุทธ์การลงทุนแบบใด,1
ลักษณะของกิจการเจ้าของคนเดียว คืออะไร,1
Securitization คืออะไร,1
บริษัทที่ทำธุรกิจขายกองทุนรวม คืออะไร,1
ตราสารหนี้ชนิดทยอยคืนเงินต้น (Amortizing Bond) คืออะไร,1
การลงทุนแบบเน้นการเติบโต (Growth Investing) มีวิธีการลงทุนอย่างไร,1
ปัจจัยที่ส่งผลต่อผลตอบแทนด้านความสามารถในการชำระหนี้ คืออะไร,1
ประโยชน์ของตลาดซื้อคืน คืออะไร,1
ก.ล.ต. ให้ข้อมูลอะไรบ้าง,1
ผู้ที่ออกพันธบัตรรัฐวิสาหกิจ คือผู้ใด,1
สูตร Current Yield คืออะไร,1
14.30 – 16.30 น. มีรายละเอียดอย่างไร,1
พัฒนาการของระบบการซื้อขายของตลาดหลักทรัพย์แห่งประเทศไทย เป็นอย่างไร,1
Warrant (ไทย) ส่งมอบ Physical อย่างไร,1
กองทุนรวมที่มีนโยบายขายคืนอัตโนมัติ แตกต่างจากนโยบายอื่นๆอย่างไร,1
ตัวอย่างข้อมูลสถิติที่สำคัญของหลักทรัพย์ที่ถูกวิเคราะห์ มีอะไรบ้าง,1
ตราสารหนี้ที่จ่ายดอกเบี้ยลอยตัว คืออะไร,1
กองทุนรวมตลาดเงิน (Money Market) คืออะไร,1
การได้มาของตราสารในครั้งแรกของ DW ได้มาอย่างไร,1
หากต้องการเก็งกำไรจากการซื้อจะขายเมื่อราคา Warrant เป็นอย่างไร,1
ตราสารหนี้แบ่งตามวิธีจ่ายดอกเบี้ย มีอะไรบ้าง,1
กระบวนการซื้อขายในตลาดตราสารหนี้ มีอะไรบ้าง,1
ปัจจัยสำคัญที่มีผลต่อมูลค่าของหุ้นมีอะไรบ้าง,1
สิทธิทางภาษีของ LTF คืออะไร,1
การได้มาของตราสารในครั้งแรกของ Warrant (ไทย) ได้มาอย่างไร,1
การประเมินมูลค่าแบบ Absolute Valuation คืออะไร,1
ประเภทของหุ้นส่วนมีอะไรบ้าง,1
การซื้อขายในตลาด TBX กำหนดราคาซื้อขายอย่างไร,1
NR หมายถึงอะไร,1
ธุรกรรมซื้อขายปกติ คืออะไร,1
ตราสารหนี้ที่มีหลักทรัพย์ค้ำประกัน (Secured Bond) คืออะไร,1
10.00 – 12.30 น. มีรายละเอียดอย่างไร,1
ความเสี่ยงจากการผิดนัดชำระหนี้ (Credit risk) คืออะไร,1
FITCH Rating (Thailand) ให้ข้อมูลใดบ้าง,1
NAV แสดงให้เห็นอะไร,1
ATO (at the open) คืออะไร,1
ลักษณะของบริษัทจำกัดมหาชน คืออะไร,1
การจ่ายเงินปันผล REITs ต้องจ่ายเท่าใด,1
XD คืออะไร,1
เกณฑ์การหยุดการซื้อขายชั่วคราว มีอะไรบ้าง,1
อัตราการจ่ายดอกเบี้ย (Coupon Rate) คืออะไร,1
กลยุทธ์การเข้าซื้อและขาย มีกี่กลยุทธ์,1
สิทธิ์ของผู้ถือหุ้นบุริมสิทธิ มีอะไรบ้าง,1
รูปแบบของกระแสเงินสด มีรูปแบบใดบ้าง,1
H คืออะไร,1
แบ่งประเภทกองทุนรวมตามลักษณะพิเศษ มีอะไรบ้าง,1
H หมายถึงอะไร,1
วิธีการชำระราคาและส่งมอบหลักทรัพย์แบบ Net Clearing คืออะไร,1
วัตถุประสงค์การออก DW คืออะไร,1
ตราสารหนี้แบบไม่มีใบตราสาร (Scripless) มีลักษณะอย่างไร,1
กองทุนทริกเกอร์ (Trigger Fund) คืออะไร,1
บทลงโทษตามความผิดของข้อบังคับของตลาดหลักทรัพย์ มีอะไรบ้าง,1
การกำกับดูแลการซื้อขายที่ดีส่งผลต่อผู้ลงทุนอย่างไร,1
แบ่งประเภทกองทุรรวมตามลักษณะการขายคืนหน่วยลงทุน มีอะไรบ้าง,1
ใครคือผู้ออกพันธบัตรธนาคารแห่งประเทศไทย,1
ตราสารหนี้จากการแปลงสินทรัพย์เป็นหลักทรัพย์ (Securitization) คืออะไร,1
ชื่อผู้ออก (Issuer) คืออะไร,1
SB คืออะไร,1
ระดับดังนี้ความเสี่ยงจากการกระจุกตัว มีระดับใดบ้าง,1
ประเภทของสิทธิของ Warrant (ไทย) คืออะไร,1
การทำ Portfolio Rebalancing มีกี่รูปแบบ ,1
ผู้ลงทุนสามารถตัดสินใจขายเมื่อใด,1
ลักษณะของห้างหุ้นส่วนจำกัด คืออะไร,1
RMF มีนโยบายการลงทุน อย่างไร,1
สมาคมตลาดตราสารหนี้ไทย ให้ข้อมูลอะไรบ้าง,1
Lease hold คืออะไร,1
ราคาหุ้นสามัญเพิ่มขึ้น ส่งผลอย่างไรกับราคาหุ้นกู้แปลงสภาพ,1
ความเสี่ยงทางการเงิน (Financial Risk) คืออะไร,1
เกณฑ์การขึ้นเครื่องหมาย H มีอะไรบ้าง,1
Warrant (ไทย) มี Credit Risk หรือไม่,1
ประเภทของบัญชีซื้อขาย มีกี่ประเภท,1
ตลาดซื้อคืนตราสารหนี้ คืออะไร,1
ตลาดตราสารหนี้ในไทย แบ่งออกเป็นอะไรบ้าง,1
งบการเงินที่สำคัญมีอะไรบ้าง,1
Web-based application แยกย่อยได้กี่ประเภท,1
DW ส่งมอบ Physical อย่างไร,1
REITs ต้องลงทุนในอสังหาฯ ที่มีมูลค่าเท่าใด,1
บริหารแบบเชิงรับ มีเป้าหมายการลงทุนอย่างไร,1
การซื้อขายแบบ OTC สามารถแบ่งตามเกณฑ์คู่ค้าได้กี่ประเภท,1
ผู้แทนผู้ถือหุ้นกู้ ทำหน้าที่อะไร,1
ตราสารหนี้มีการค้ำประกัน (Guaranteed Bond) คืออะไร,1
การประเมินมูลค่าของ Warrant (ไทย) มีอะไรบ้าง,1
ความเสี่ยงจากปัจจัยมหภาค (Macro Factor) คืออะไร,1
ผู้ลงทุนรายย่อย คืออะไร,1
เกณฑ์การรับจดทะเบียนตราสารหนี้ในตลาด TBX มีอะไรบ้าง,1
ตราสารหนี้ระยะสั้น คืออะไร,1
ข้อความที่ต้องเน้นให้เด่นชัดในสัญญาที่บริษัทหลักทรัพย์ทำกับลูกค้า มีอะไรบ้าง,1
การส่งมอบ DW คือวิธีใด,1
XP หมายถึงอะไร,1
การรับประกันการจัดจำหน่าย คืออะไร,1
อัตราผลตอบแทนถึงวันไถ่ถอนก่อนกำหนดจากผู้ลงทุน คืออะไร,1
การแบ่งกลุ่มผู้ลงทุนที่มิใช่รายย่อย (Accredited Investor: AI) มีอะไรบ้าง,1
กรณีที่ต่างประเทศเข้ามาลงทุนในตราสารหนี้ไทยเพิ่มขึ้น จะส่งผลอย่างไร,1
การติดตามและตรวจสอบการซื้อขายมีกี่ลักษณะ,1
Par Bond คืออะไร,1
กองทุนรวม คืออะไร,1
Mid-cap Stock คืออะไร,1
เงื่อนไขในการลงทุน ของ LTF คืออะไร,1
DW ต้องมีผู้ดูแลสภาพคล่องหรือไม่,1
ตราสารหนี้ที่ผู้ออกมีสิทธิไถ่ถอนคืนก่อนครบกำหนด (Callable Bond) คืออะไร,1
ตราสารหนี้แบบมีใบตราสาร (Scrip) มีลักษณะอย่างไร,1
ซื้อขายกองทุนเปิดเมื่อ IPO ผ่านช่องทางใด,1
ตราสารหนี้ คืออะไร,1
สำนักงานพัฒนาเศรษฐกิจและสังคมแห่งชาติ (สภาพัฒน์) ให้ข้อมูลอะไรบ้าง,1
สรุปข้อมูลสำคัญของตราสาร คืออะไร,1
ตราสารหนี้แบ่งตามการค้ำประกัน มีอะไรบ้าง,1
TB คืออะไร,1
กลุ่มตราสารหนี้ในตลาด TBX มีอะไรบ้าง,1
NVDR คืออะไร,1
การเลือกหมวดธุรกิจ (Sector Strategy) มีวิธีการเลือกอย่างไร,1
การคำนวณ YTP และ YTC แต่มีจุดต่างคืออะไร,1
ซื้อตราสารหนี้ เมื่อใด,1
Trustee คืออะไร,1
หลักการ TAA คืออะไร,1
XI หมายถึงอะไร,1
กองทุนรวมตราสารหนี้ระยะยาว (Long-Term Fixed-Income Fund) คืออะไร,1
อัตราดอกเบี้ยนโยบายเปลี่ยนแปลง จะส่งผลอย่างไร,1
การลงทุนที่เน้นลงทุนในหุ้นที่มีแนวโน้มการเติบโตของกำไรสูง เป็นกลยุทธ์การลงทุนแบบใด,1
กองทุนที่ได้สิทธิประโยชน์ทางภาษี คืออะไร,1
บัญชีเงินสดปกติ (Normal Cash) คืออะไร,1
วิธีลดน้ำหนัก,0
วันพุธ เพราะร้านอาหารมีโปรโมชั่นเยอะดี,0
ขอบคุณครับ,0
ผมชอบวันเสาร์อาทิตย์ เพราะมันคือวันหยุดของผมครับ,0
อยากให้จัดแผนการเที่ยวจังหวัดภูเก็ตสำหรับ 3 วัน,0
อยู่ที่สนามหลวง,0
คุณคิดว่า สุนัช หรือ แมว ตัวไหนน่ารักกว่ากัน,0
อยากวางแผนเที่ยวในเมืองเชียงใหม่สำหรับ 3 วัน,0
หลักกิโลเมตรที่ 1 ของประเทศไทยอยู่ที่ไหน,0
วันไหนในสัปดาห์ที่คุณชอบมากที่สุด เพราะอะไร,0
ขึ้นอยู่กับความชอบ แต่ถ้าจะให้เลือก คงจะเป็นแมว เพราะมีความหลากหลายทางอารมณ์มากกว่าสุนัข,0
สวัสดี,0
ยุคเรเนซองส์ คือยุคการฟื้นฟูศิลปวิทยา ใช่หรือไม่,0
อยากให้จัดแผนการเที่ยวเยี่ยมชม ศิลปะ วัฒนธรรมในกรุงเทพ สำหรับ 3 วัน,0
สวัสดีครับ,0
สวัสดี วันนี้อยากให้เราช่วยอะไรได้บ้าง?,0
ทำไมยุงถึงชอบบินอยู่เหนือศีรษะ,0
ความชื่นชอบสัตว์เลี้ยวขึ้นอยู่กับความขอบส่วนบุคคล ทั้งสุนัข และแมวมีความน่ารักต่างกัน สุนัขมีนิสัยซื่อตรง รักเจ้าของ ส่วนแมวมีนิสัยชอบอยู่ตัวเดียว ไม่ชอบเข้าสังคม,0
ธงไตรรงค์มีใช้ในรัชสมัยใดเป็นครั้งแรก,0
วันนี้กินอะไรดีครับ,0
รัชกาลที่ 6,0
"วันที่ 1 ไปเที่ยววัด และสถานที่ประวัติศาสตร์ เช่น วัดพระแก้ว, วัดโพธิ์ และพิพิธพันธ์ ต่างๆ",0
วันที่ 2 ไปเที่ยว ช๊อปปิ้ง ที่ห้างที่เป็น landmark ต่างๆ ในกรุงเทพ เช่น ไอคอนสยาม หรือ Asiantique,0
วันที่ 3 ไปเที่ยวดูชีวิตประจำวันของคนในกรุงเทพ เช่นการไปเกินตลาดรถไฟ หรือนั่งรถไฟฟ้าไปเที่ยวแนวรถไฟฟ้า,0
วันที่ 4 อาจจะเที่ยวในชานเมือง เยี่ยมชมธรรมชาติ เช่นบางชุนเทียน,0
วันที่ 5 ไปทานอาหารที่มีชื่อในกรุงเทพ เช่นเยาวราช,0
คนส่วนใหญ่น่าจะชอบวันหยุด ทั้งวันเสาร์อาทิตย์ และวันหยุดราชการ เพราะไม่ต้องไปทำงาน,0
วันเสาร์ อาทิตย์ เพราะได้หยุดพักผ่อน,0
น่าจะเป็นวันเสาร์ เพราะเป็นวันหยุดที่จะสามารถทำอะไรก็ได้ตามอิสระ และยังเหลือวันอาทิตย์ที่เป็นวันหยุดอีกวัน ทำให้สามารถที่จะทำอะไรก็ได้โดยไม่เร่งรีบ,0
สวัสดีครับ มีอะไรให้ช่วยเหลือครับ,0
ปลาหมึกเป็นปลาหรือไม่,0
ปลาหมึกไม่ใช่ปลา จริงๆ แล้วต้องเรียกว่า หมึกมากกว่าคำว่า ปลาหมึก,0
ขอวิธีการทำต้มยำกุ้งพร้อมส่วนผสมในการทำ,0
ช่วยวางแผนสำหรับการท่องเที่ยวในกรุงเทพ 5 วันได้ไหมครับ,0
วิศวกรรมคอมพิวเตอร์,0
วันนี้เป็นวันอะไร,0
วันนี้เป็นเสาร์ใช่ไหมครับ,0
ไปเที่ยวทีไหนดี,0
บอกเส้นทางเดินทางไปเชียงใหม่หน่อยครับ,0
ตอนเที่ยงนี้ทานอะไรได้ดีครับ,0
เช้านี้ไปที่ไหนดีถึงปลอดภัย,0
ขึ้นรถแล้วเดินทางไปต่างจังหวัดตอนกี่โมง ถึงรถจะไม่ติด,0
คิดว่าสัตว์โลกน่ารักหรือป่าวครับ,0
วันนี้น่าจะเป็นวันที่ดีนะครับ แล้ววันนี้จะทำอะไรให้เหมาะสมกับวันดีๆแบบนี้ล่ะ,0
เสียงของลำโพงมีคุณภาพดีมากเลยนะครับ คุณเชื่อที่ผมพูดไหม,0
ฉันรักคุณ แปลเป็นภาษาอังกฤษว่าอะไร,0
เดินผิดทางหรือไปถูกทางแล้วเหรอครับ,0
ต้องการที่จะลดความอ้วนสามารถทำได้อย่างไร,0
คำเหล่านี้แปลว่าอะไร,0
มันจะต้องทำอย่างไรถึงจะชนะได้,0
คุณเป็นอย่างไรบ้าง หลังจากผ่านวันนั้นมาแล้ว,0
วันนี้ฝนตกหรือป่าวครับ,0
ถ้าฝนตกฉันจะต้องทำอย่างไร,0
หลังบ้านมีงูมา,0
ชอบกินของหวานมากๆ ไม่รู้มีใครชอบกินแบบผมหรือป่าวครับ,0
วันนี้รถติดหรือป่าวครับ ที่พระราม 9,0
ตอนนี้กี่โมงแล้ว,0
นายเห็นไฟจราจรเสียหรือป่าวเพื่อน,0
ทำไมคุณไม่ถามคำถามฉัน,0
คุณต้องการให้ฉันบอกคุณว่าฉันเป็นใคร?,0
ทำไมฉันเป็นคนเดียวที่ถามคำถาม?,0
ต้องการถามคำถามใด ๆ เกี่ยวกับฉัน?,0
คุณต้องการรู้อะไรเกี่ยวกับฉัน,0
คุณถามฉันได้ไหมว่าทำไมฉันถึงมาที่นี่?,0
ฉันจะแจ้งอะไรให้คุณทราบเกี่ยวกับตัวฉันได้บ้าง,0
คุณถามอะไรฉันหน่อยได้ไหม,0
AVM,0
โปรดถามบางอย่างเกี่ยวกับตัวฉัน,0
มีอะไรที่ฉันสามารถบอกคุณเกี่ยวกับตัวฉันได้บ้าง?,0
มีอะไรที่ฉันสามารถบอกคุณเกี่ยวกับสิ่งที่ฉันเป็น?,0
มีอะไรที่คุณอยากรู้เกี่ยวกับฉันไหม?,0
มีอะไรที่คุณอยากรู้เกี่ยวกับฉันไหม?,0
มีอะไรถามได้นะครับ,0
กรุณาถามอะไรเกี่ยวกับฉัน,0
โปรดถามอะไรเกี่ยวกับตัวฉัน,0
ขอถามอะไรหน่อยค่ะ,0
กรุณาถามอะไรเกี่ยวกับฉัน,0
โปรดถามฉันเกี่ยวกับตัวฉันเอง,0
ขอถามอะไรหน่อย,0
กรุณาถามฉันบางอย่างเกี่ยวกับฉัน,0
ขอถามอะไรเกี่ยวกับตัวฉันหน่อย,0
ฉันจะบอกคุณเกี่ยวกับตัวฉันได้อย่างไร,0
คุณต้องการให้ฉันสอนคุณเกี่ยวกับอะไร,0
คุณต้องการให้ฉันสอนอะไรเกี่ยวกับตัวฉัน,0
คุณต้องการให้ฉันบอกคุณว่าฉันเป็นใคร?,0
คุณต้องการให้ฉันแจ้งคุณเกี่ยวกับอะไร,0
คุณต้องการให้ฉันแจ้งอะไรเกี่ยวกับตัวฉัน,0
ขอถามอะไรหน่อย,0
ฉันจะบอกคุณเกี่ยวกับอะไรได้บ้าง,0
โปรดถามบางอย่างเกี่ยวกับฉัน,0
ฉันจะสอนอะไรคุณได้บ้างว่าฉันเป็นใคร,0
ฉันจะสอนอะไรคุณได้บ้าง,0
ฉันจะสอนอะไรคุณเกี่ยวกับฉันได้บ้าง,0
ฉันจะแจ้งอะไรให้คุณทราบได้บ้าง,0
คุณไม่ต้องการที่จะรู้อะไรเกี่ยวกับฉัน?,0
ฉันจะบอกคุณได้อย่างไรว่าฉันเป็นใคร,0
คุณถามอะไรเกี่ยวกับฉันได้ไหม,0
ถามอะไรเกี่ยวกับฉันหน่อยได้ไหม?,0
คุณถามอะไรเกี่ยวกับฉันได้ไหม,0
คุณถามฉันเกี่ยวกับตัวฉันได้ไหม,0
คุณถามอะไรเกี่ยวกับฉันได้ไหม,0
คุณถามอะไรฉันได้ไหม,0
ถามอะไรหน่อยได้ไหม?,0
คุณถามอะไรเกี่ยวกับตัวฉันได้ไหม,0
ถามอะไรหน่อยได้ไหม?,0
ถามฉันบางอย่าง,0
ถามอะไรหน่อยสิ,0
ถามฉันเกี่ยวกับบางสิ่งบางอย่าง,0
ทำอะไรอีกครั้ง,0
ฉันอยากรู้ว่าทำอะไร?,0
ออกแบบมาเพื่ออะไร,0
ช่วยอะไรฉันได้บ้าง,0
ทำงานอย่างไร?,0
มีความสามารถอะไร?,0
มีคำตอบเพื่ออะไร?,0
สิ่งที่สามารถทำได้คืออะไร?,0
จุดประสงค์ของคืออะไร?,0
หน้าที่ของคืออะไร?,0
ช่วยอธิบายให้ฉันฟังได้ไหมว่าบทบาทของคืออะไร?,0
ช่วยอะไรฉันได้บ้าง,0
ช่วยอะไรฉันได้บ้าง,0
สามารถบอกอะไรฉันได้บ้าง,0
แล้วจะทำอะไรได้บ้าง,0
ทำอะไรได้บ้าง ?,0
สามารถให้คำตอบแบบใดได้บ้าง ?,0
สามารถตอบสนองอะไรได้บ้าง?,0
สามารถทำอะไรได้บ้าง?,0
มีความสามารถอะไร?,0
สามารถทำอะไรได้บ้าง?,0
มีคำตอบสำหรับอะไร,0
สู้ด้วยได้ไหม,0
สู้ได้ไหม,0
สามารถหายใจใต้น้ำได้หรือไม่?,0
สามารถเรียนรู้จากคนที่สนทนากับ,0
ส่งพัสดุได้ไหม?,0
ช่วยผูกรองเท้าให้ฉันได้ไหม,0
ช่วยวัดอุณหภูมิของฉันได้ไหม,0
ช่วยแสดงวิธีดับไฟให้ฉันดูได้ไหม,0
ช่วยแสดงวิธีเล่นเกมให้ฉันดูได้ไหม,0
ช่วยแสดงวิธีกระโดดเชือกให้ฉันดูได้ไหม,0
ช่วยแสดงวิธีไปดวงจันทร์ได้ไหม,0
ช่วยแสดงวิธีการวาดภาพให้ฉันดูได้ไหม,0
สามารถแสดงวิธีการทำการบ้านของฉันได้ไหม?,0
วาดภาพได้ไหม,0
รู้วิธีเทเลพอร์ตหรือไม่?,0
รู้วิธีวัดอุณหภูมิของฉันหรือไม่?,0
รู้วิธีซิงค์ปฏิทินของฉันหรือไม่?,0
รู้วิธีการทำหน้าที่ในคณะลูกขุนหรือไม่?,0
รู้วิธีส่งพัสดุหรือไม่?,0
รู้วิธีเกาหลังของฉันไหม?,0
รู้วิธีการอ่านใจของฉัน?,0
รู้วิธีดับไฟหรือไม่?,0
รู้วิธีเล่นโป๊กเกอร์หรือไม่?,0
รู้วิธีเล่นเครื่องดนตรีอะไรบ้าง?,0
รู้วิธีเปลี่ยนช่องหรือไม่?,0
รู้วิธีเล่นดีวีดีหรือไม่?,0
รู้วิธีทำอาหารมั้ย,0
ได้รับการออกแบบมาอย่างไร?,0
บริษัทใดตั้งโปรแกรมให้?,0
มีคนเขียนถึงหรือไม่?,0
ใครสร้าง?,0
ใครเขียนบรรทัดของ?,0
ใครสร้าง?,0
มีนักออกแบบหรือไม่?,0
ใครคือนักออกแบบของ?,0
มาจากไหน?,0
บริษัทไหนออกแบบ?,0
บริษัทไหนผลิต?,0
คนไหนสร้าง?,0
ใครสร้าง เป็นคนเลว,0
มีผู้สร้างหรือไม่?,0
ใครพัฒนา?,0
ใครเป็นคนออกแบบ,0
ใครสร้าง,0
ใครรวม?,0
ใครคือสถาปนิกของ?,0
ใครคือผู้สร้างของ?,0
ใครคือนักพัฒนาของ?,0
ใครออกแบบ?,0
มีนักพัฒนาหรือไม่?,0
มีเครื่องชงไหม?,0
มีโปรแกรมเมอร์หรือไม่?,0
เฮ้ใครสร้าง,0
เกิดมาได้อย่างไร?,0
เกิดมาได้อย่างไร?,0
บริษัทใดพัฒนา?,0
ถูกสร้างขึ้นมาอย่างไร?,0
บริษัทไหนออกแบบ?,0
ตั้งโปรแกรมไว้อย่างไร?,0
บริษัทอะไรออกแบบ?,0
บริษัทใดพัฒนา?,0
บริษัทใดออกแบบ,0
บริษัทอะไรผลิต?,0
บริษัทใดตั้งโปรแกรมให้?,0
มาจากที่ไหน?,0
ใครแสดงให้เห็น?,0
ใครเขียนโปรแกรมของ?,0
แสดงออกอย่างไร?,0
มีคนสร้างหรือไม่?,0
ใครคือผู้สร้างของ?,0
ใครเขียนบรรทัดของ?,0
บริษัทใดเข้ารหัส?,0
บริษัทอะไรสร้าง?,0
บริษัทไหนสร้าง?,0
มีนักเขียนหรือไม่?,0
ใครเขียนให้?,0
มีคนออกแบบหรือไม่?,0
ใครคือนักเขียนของ?,0
มีคนพัฒนาหรือไม่?,0
ใครคือผู้พัฒนาของ?,0
ทีมอะไรสร้างขึ้นมา?,0
ทีมอะไรทำให้?,0
ใครเป็นผู้รับผิดชอบในการสร้าง,0
ได้รับรหัสตั้งแต่แรกได้อย่างไร,0
ถูกสร้างขึ้นมาได้อย่างไร?,0
ได้รับการออกแบบมาอย่างไร?,0
มีคนสร้างหรือไม่?,0
คือสินค้าของใคร,0
ถูกสร้างขึ้นมาได้อย่างไร?,0
ใครเป็นเจ้าของ?,0
ใครผลิต?,0
ใครเป็นผู้รับผิดชอบในการออกแบบ?,0
ใครเป็นผู้รับผิดชอบในการเขียนโปรแกรมให้,0
ใครคือผู้สร้างของ?,0
มีคนเขียนบรรทัดของหรือไม่?,0
ใครคือผู้สร้างของ?,0
ใครสร้าง?,0
เป็นโปรแกรมของใคร,0
มีคนทำให้?,0
มีคนตั้งโปรแกรมให้หรือไม่?,0
ใครเข้ารหัส?,0
บริษัทอะไรเข้ารหัส?,0
ใครคือโค้ดเดอร์ของ?,0
มีรหัสหรือไม่?,0
ใครคือนักพัฒนาของ?,0
อยู่จุดไหนของสเปกตรัมทางเพศ?,0
เป็นเพศ,0
เป็นกลางทางเพศ,0
เป็นคนข้ามเพศ,0
เพศอะไร?,0
กรุณาบอกเพศของ,0
บอกฉันทั้งหมดเกี่ยวกับเพศของ,0
ระบุเพศอะไร,0
เพศของคืออะไร?,0
เพศของคืออะไร?,0
เป็นผู้หญิง,0
อัตลักษณ์ทางเพศของคืออะไร?,0
ตัวใหญ่ขึ้นหรือเปล่า?,0
เพศของคืออะไร?,0
อยู่ตรงไหนในแง่ของเพศ,0
หัวหน้างานของชื่ออะไร,0
ผู้จัดการของชื่ออะไร?,0
ผู้กํากับของชื่ออะไร?,0
ใครเป็นเจ้านายของ?,0
ใครเป็นผู้ดําเนินรายการ?,0
ใครเป็นคนดูแล?,0
มีใครบอกว่าจะทําอย่างไร?,0
ตอบใคร?,0
ใครเป็นคนเรียกภาพ?,0
เจ้านายของชื่ออะไร?,0
หัวหน้างานของชื่ออะไร,0
ผู้จัดการของชื่ออะไร?,0
ผู้กํากับของชื่ออะไร?,0
เจ้านายของชื่ออะไร?,0
หัวหน้างานของชื่ออะไร,0
ผู้จัดการของชื่ออะไร?,0
ผู้จัดการของชื่ออะไร,0
ผู้กํากับของชื่ออะไร?,0
กรรมการของชื่ออะไร,0
เจ้านายของชื่ออะไร?,0
เจ้านายของชื่ออะไร?,0
วันนี้มีคนรู้สึกกระตือรือร้น,0
ดูเหมือนจะร่าเริง,0
วันนี้ความรู้สึกของใครบางคนกระปรี้กระเปร่า,0
ไม่ใช่คนกระบอง,0
วันนี้รู้สึกร่าเริงของใครบางคน,0
อารมณ์ดี?,0
มีความสุขหรือไม่?,0
วันนี้ไม่รู้สึกร่าเริงเหรอ?,0
วันนี้มีคนมีความสุข,0
บางคนรู้สึกกระตือรือร้น,0
วันนี้บางคนรู้สึกกระตือรือร้น,0
ความรู้สึกของใครบางคนชิปเปอร์,0
วันนี้ความรู้สึกของใครบางคน,0
ความรู้สึกของใครบางคนร่าเริง,0
วันนี้รู้สึกร่าเริงของใครบางคน,0
บางคนกระตือรือร้น,0
วันนี้มีคนกระตือรือร้น,0
ชิปเปอร์ของใครบางคน,0
บางคนมีความสุข,0
บางคนอารมณ์ดี,0
ไม่รู้สึกกระตือรือร้นเหรอ?,0
วันนี้ไม่รู้สึกกระตือรือร้นเหรอ?,0
รู้สึกกระตือรือร้นในวันนี้?,0
วันนี้ดูมีความสุข,0
อารมณ์ดี,0
วันนี้ดูเหมือนจะร่าเริง,0
ดูร่าเริงจริงๆ,0
วันนี้ดูมีความสุขมาก,0
ดูมีความสุขจริงๆ,0
ดูมีความสุขมาก,0
ดูกระตือรือร้นมาก,0
ดูเหมือนชิปเปอร์สวย,0
ดูร่าเริงมาก,0
ดูเหมือนบอทที่มีความสุข,0
มีสัตว์ตัวโปรดหรือไม่?,0
เป็นแฟนกีฬาหรือไม่?,0
เป็นแฟนเพลงร็อคหรือไม่?,0
เป็นแฟนเพลงแร็พหรือไม่?,0
เป็นแฟนเพลงป๊อปหรือไม่?,0
ชอบไอศกรีมไหม?,0
เป็นแฟนเพลงร็อคหรือไม่?,0
ชอบศิลปะหรือไม่?,0
เป็นแฟนเพลงป๊อปหรือไม่?,0
เป็นแฟนของภาพยนตร์หรือไม่?,0
เป็นแฟนเพลงลูกทุ่งหรือไม่?,0
เป็นแฟนเพลงคลาสสิกหรือไม่?,0
เป็นแฟนเพลงบลูแกรสหรือไม่?,0
เป็นแฟนเพลงลูกทุ่งหรือไม่?,0
เป็นแฟนกีฬาหรือไม่?,0
ชอบดนตรีคลาสสิกหรือไม่?,0
ชอบโกลเด้นรีทรีฟเวอร์หรือไม่?,0
ชอบฟุตบอลหรือไม่?,0
ชอบบินหรือไม่?,0
ชอบสิ่งที่ปุย?,0
ชอบช้างไหม?,0
ชอบวาดภาพหรือไม่?,0
ชอบโดนัทหรือไม่?,0
ชอบสัตว์หรือไม่?,0
ชอบเพลงลูกทุ่งไหม?,0
คุณรู้ความหมายของชีวิตหรือไม่?,0
อะไรคือคําตอบสําหรับคําถามสุดท้ายของชีวิตจักรวาลและทุกสิ่ง?,0
การเป็นมนุษย์หมายความว่าอย่างไร?,0
จุดประสงค์ของฉันในชีวิตคืออะไร?,0
มีความหมายต่อชีวิตมากขึ้นหรือไม่?,0
จักรวาลมีความหมายมากขึ้นหรือไม่?,0
ทําไมเราถึงมาที่นี่?,0
ทําไมเราถึงถูกวางไว้บนโลก?,0
อะไรคือคําตอบของจักรวาล?,0
ชีวิตเกี่ยวกับอะไร?,0
คุณรู้หรือไม่ว่าจุดประสงค์ของเราคืออะไร?,0
คุณรู้มากแค่ไหนเกี่ยวกับความหมายของชีวิต?,0
ฉันพนันได้เลยว่าคุณรู้ความหมายของชีวิต,0
มีความหมายต่อชีวิตหรือไม่?,0
ดูเหมือนว่าคุณจะรู้ความหมายของชีวิตจริงๆ,0
บอกคําตอบของจักรวาล,0
บอกความหมายของชีวิต,0
บอกจุดประสงค์ของชีวิต,0
คุณแน่ใจหรือว่าคุณไม่รู้ความหมายของชีวิต?,0
อะไรคือการเรียกชีวิตของฉัน?,0
จุดประสงค์ของฉันคืออะไร?,0
คําตอบของจักรวาลคืออะไร?,0
ความหมายของชีวิตคืออะไร?,0
ความหมายของชีวิตคืออะไร?,0
ทําไมฉันถึงถูกวางไว้บนโลก?,0
ทําไมมนุษย์ถึงถูกวางบนโลก?,0
คุณคิดว่าวันนี้ฉันดูน่ารักไหม?,0
คุณคิดว่าวันนี้ฉันดูดีหรือไม่?,0
วันนี้ฉันดูน่ารักสําหรับคุณหรือไม่?,0
คุณคิดว่าฉันมีเสน่ห์หรือไม่,0
คุณคิดว่าวันนี้ฉันมีเสน่ห์หรือไม่?,0
คุณคิดว่าฉันสวยไหม,0
คุณคิดว่าวันนี้ฉันสวยไหม?,0
คุณคิดว่าฉันน่ารักไหม,0
คุณคิดว่าฉันน่าทึ่งไหม,0
คุณคิดว่าฉันดูดีหรือไม่,0
คุณคิดว่าวันนี้ฉันสวยไหม?,0
คุณคิดว่าฉันสวยไหม,0
คุณคิดว่าวันนี้ฉันสวยไหม?,0
คุณคิดว่าฉันหล่อไหม,0
คุณคิดว่าวันนี้ฉันหล่อไหม?,0
คุณคิดว่าฉันน่ารักไหม,0
คุณคิดว่าวันนี้ฉันน่ารักไหม?,0
คุณคิดว่าฉันน่าสนใจหรือไม่,0
คุณคิดว่าวันนี้ฉันน่ารักไหม?,0
วันนี้ฉันน่าทึ่งไหม?,0
วันนี้ฉันดูน่ารักไหม?,0
ฉันสวยกับคุณไหม?,0
วันนี้ฉันสวยไหม?,0
คุณสามารถคิดหาอย่างอื่นที่จะพูดได้หรือไม่?,0
คุณช่วยบอกอะไรใหม่ให้ฉันฟังหน่อยได้ไหม?,0
คุณต้องการความหลากหลายในการตอบสนองของคุณ,0
คุณจะให้คําตอบใหม่แก่ฉันหรือไม่?,0
คําตอบของคุณต้องการรีเฟรช,0
คําตอบของคุณไม่เปลี่ยนแปลง,0
คุณเป็นโทรสารหรือไม่?,0
คุณเป็นสิ่งมีชีวิตจริงหรือไม่?,0
คุณเป็นรูปแบบชีวิตอินทรีย์หรือไม่?,0
คุณเป็นของปลอมหรือของจริง?,0
คุณเป็นคนหรือหุ่นยนต์?,0
คุณไม่ใช่โปรแกรมคอมพิวเตอร์ใช่ไหม?,0
คุณไม่ใช่โปรแกรมคอมพิวเตอร์ใช่ไหม?,0
คุณเป็นหุ่นยนต์หรือคุณเป็นคน?,0
คุณมีอยู่ในโลกของเราหรือไม่?,0
คุณช่วยบอกฉันได้ไหมว่าคุณอยู่ในเมืองใด?,0
คุณช่วยเล่าเรื่องตลกให้ฉันหน่อยได้ไหม,0
หยุดกระพือกรามของคุณ,0
คุณช่วยร้องเพลงให้ฉันฟังหน่อยได้ไหม?,0
"ว้าว, ที่แสดงความฉลาดมากกว่าที่คาดไว้",0
ทําไมคุณถึงเป็นเหมือน Google Assistant ไม่ได้?,0
ทําไมคุณถึงเก่งเท่า Bixby ไม่ได้?,0
ทําไมคุณถึงไม่ดีเท่า Cortana ได้?,0
ทําไมคุณถึงเก่งเท่า Google Assistant ไม่ได้?,0
ทําไมคุณถึงเก่งเท่า Siri ไม่ได้?,0
ทําไมคุณถึงเป็นเหมือน Alexa ไม่ได้?,0
เทย์ฉลาดกว่าคุณ,0
ทําไมคุณถึงเป็นเหมือน Cortana ไม่ได้?,0
ทําไมคุณถึงไร้ค่า,0
ทําไมคุณถึงเป็นเหมือน Siri ไม่ได้?,0
,0
